323,ACB,,2
324,ACM,,2
325,ADC,,2
326,ALT,,2
327,ALV,,2
328,AMC,,2
329,AME,,2
330,AMV,,2
331,API,,2
332,APP,,2
333,APS,,2
334,ARM,,2
335,ASA,,2
336,ATS,,2
337,B82,,2
338,BBS,,2
339,BCC,,2
340,BDB,,2
341,BED,,2
342,BHT,,2
343,BII,,2
344,BKC,,2
345,BLF,,2
346,BPC,,2
347,BSC,,2
348,BST,,2
349,BTS,,2
350,BVS,,2
351,BXH,,2
352,C92,,2
353,CAN,,2
354,CAP,,2
355,CCM,,2
356,CDN,,2
357,CEO,,2
358,CJC,,2
359,CKV,,2
360,CLH,,2
361,CLM,,2
362,CMC,,2
363,CMI,,2
364,CMS,,2
365,CPC,,2
366,CSC,,2
367,CT6,,2
368,CTA,,2
369,CTB,,2
370,CTC,,2
371,CTP,,2
372,CTS,,2
373,CTT,,2
374,CTX,,2
375,CVN,,2
376,CVT,,2
377,CX8,,2
378,D11,,2
379,DAD,,2
380,DAE,,2
381,DBC,,2
382,DBT,,2
383,DC2,,2
384,DC4,,2
385,DCS,,2
386,DGC,,2
387,DGL,,2
388,DHP,,2
389,DHT,,2
390,DID,,2
391,DIH,,2
392,DL1,,2
393,DLR,,2
394,DNC,,2
395,DNM,,2
396,DNP,,2
397,DNY,,2
398,DP3,,2
399,DPC,,2
400,DPS,,2
401,DST,,2
402,DXP,,2
403,DZM,,2
404,EBS,,2
405,ECI,,2
406,EFI,,2
407,EID,,2
408,FDT,,2
409,FID,,2
410,G20,,2
411,GLT,,2
412,GMX,,2
413,HAD,,2
414,HAT,,2
415,HBE,,2
416,HBS,,2
417,HCC,,2
418,HCT,,2
419,HDA,,2
420,HDO,,2
421,HEV,,2
422,HGM,,2
423,HHC,,2
424,HHG,,2
425,HJS,,2
426,HKB,,2
427,HKT,,2
428,HLC,,2
429,HLD,,2
430,HLY,,2
431,HMH,,2
432,HNM,,2
433,HOM,,2
434,HPM,,2
435,HST,,2
436,HTC,,2
437,HTP,,2
438,HUT,,2
439,HVA,,2
440,HVT,,2
441,ICG,,2
442,IDJ,,2
443,IDV,,2
444,INC,,2
445,INN,,2
446,ITQ,,2
447,IVS,,2
448,KDM,,2
449,KHB,,2
450,KHL,,2
451,KKC,,2
452,KLF,,2
453,KMT,,2
454,KSD,,2
455,KSK,,2
456,KSQ,,2
457,KST,,2
458,KTS,,2
459,KTT,,2
460,KVC,,2
461,L14,,2
462,L18,,2
463,L35,,2
464,L43,,2
465,L44,,2
466,L61,,2
467,L62,,2
468,LAS,,2
469,LBE,,2
470,LCD,,2
471,LCS,,2
472,LDP,,2
473,LHC,,2
474,LIG,,2
475,LM7,,2
476,LO5,,2
477,LTC,,2
478,LUT,,2
479,MAC,,2
480,MAS,,2
481,MBG,,2
482,MBS,,2
483,MCC,,2
484,MCF,,2
485,MCO,,2
486,MDC,,2
487,MEC,,2
488,MHL,,2
489,MIM,,2
490,MKV,,2
491,MLS,,2
492,MNC,,2
493,MPT,,2
494,MSC,,2
495,MST,,2
496,NAG,,2
497,NBC,,2
498,NBP,,2
499,NDF,,2
500,NDN,,2
501,NDX,,2
502,NET,,2
503,NFC,,2
504,NGC,,2
505,NHA,,2
506,NHC,,2
507,NHP,,2
508,NPS,,2
509,NST,,2
510,NTP,,2
511,NVB,,2
512,OCH,,2
513,ONE,,2
514,ORS,,2
515,PBP,,2
516,PCE,,2
517,PCG,,2
518,PCN,,2
519,PCT,,2
520,PDB,,2
521,PDC,,2
522,PEN,,2
523,PGS,,2
524,PGT,,2
525,PHC,,2
526,PHP,,2
527,PIC,,2
528,PIV,,2
529,PJC,,2
530,PLC,,2
531,PMB,,2
532,PMC,,2
533,PMP,,2
534,PMS,,2
535,POT,,2
536,PPE,,2
537,PPP,,2
538,PPS,,2
539,PPY,,2
540,PRC,,2
541,PSC,,2
542,PSD,,2
543,PSE,,2
544,PSI,,2
545,PSW,,2
546,PTD,,2
547,PTI,,2
548,PTS,,2
549,PV2,,2
550,PVB,,2
551,PVC,,2
552,PVE,,2
553,PVG,,2
554,PVI,,2
555,PVL,,2
556,PVR,,2
557,PVS,,2
558,PVV,,2
559,PVX,,2
560,PXA,,2
561,QHD,,2
562,QNC,,2
563,QST,,2
564,QTC,,2
565,RCL,,2
566,S55,,2
567,S74,,2
568,S99,,2
569,SAF,,2
570,SAP,,2
571,SCI,,2
572,SCJ,,2
573,SCL,,2
574,SD2,,2
575,SD4,,2
576,SD5,,2
577,SD6,,2
578,SD7,,2
579,SD9,,2
580,SDA,,2
581,SDC,,2
582,SDD,,2
583,SDE,,2
584,SDG,,2
585,SDH,,2
586,SDN,,2
587,SDP,,2
588,SDT,,2
589,SDU,,2
590,SDY,,2
591,SEB,,2
592,SED,,2
593,SFN,,2
594,SGC,,2
595,SGD,,2
596,SGH,,2
597,SGO,,2
598,SHB,,2
599,SHN,,2
600,SHS,,2
601,SIC,,2
602,SJ1,,2
603,SJC,,2
604,SJE,,2
605,SLS,,2
606,SMN,,2
607,SMT,,2
608,SPI,,2
609,SPP,,2
610,SRA,,2
611,SSM,,2
612,STC,,2
613,STP,,2
614,SVN,,2
615,TA9,,2
616,TAG,,2
617,TBX,,2
618,TC6,,2
619,TCS,,2
620,TDN,,2
621,TEG,,2
622,TET,,2
623,TFC,,2
624,TH1,,2
625,THB,,2
626,THS,,2
627,THT,,2
628,TIG,,2
629,TJC,,2
630,TKC,,2
631,TKU,,2
632,TMB,,2
633,TMC,,2
634,TMX,,2
635,TNG,,2
636,TPH,,2
637,TPP,,2
638,TSB,,2
639,TST,,2
640,TTB,,2
641,TTC,,2
642,TTH,,2
643,TTZ,,2
644,TV2,,2
645,TV3,,2
646,TV4,,2
647,TVC,,2
648,TVD,,2
649,TXM,,2
650,UNI,,2
651,V12,,2
652,V21,,2
653,VAT,,2
654,VBC,,2
655,VBH,,2
656,VC1,,2
657,VC2,,2
658,VC3,,2
659,VC6,,2
660,VC7,,2
661,VC9,,2
662,VCC,,2
663,VCG,,2
664,VCM,,2
665,VCR,,2
666,VCS,,2
667,VDL,,2
668,VDS,,2
669,VE1,,2
670,VE2,,2
671,VE3,,2
672,VE4,,2
673,VE8,,2
674,VE9,,2
675,VFR,,2
676,VGC,,2
677,VGP,,2
678,VGS,,2
679,VHL,,2
680,VIE,,2
681,VIG,,2
682,VIT,,2
683,VIX,,2
684,VKC,,2
685,VLA,,2
686,VMC,,2
687,VMI,,2
688,VMS,,2
689,VNC,,2
690,VND,,2
691,VNF,,2
692,VNR,,2
693,VNT,,2
694,VSA,,2
695,VTC,,2
696,VTH,,2
697,VTL,,2
698,VTS,,2
699,VTV,,2
700,VXB,,2
701,WCS,,2
702,WSS,,2
